{"cameraMode":{"drawMode":0,"name":"Shaded","section":"Shading Mode"},"sceneLighting":true,"audioPlay":false,"sceneViewState":{"showFog":true,"showMaterialUpdate":false,"showSkybox":true,"showFlares":true,"showImageEffects":true,"showParticleSystems":true},"in2DMode":false,"pivot":{"x":0.030326206237077714,"y":14.01813793182373,"z":-1.5502581596374512},"rotation":{"x":0.6884462237358093,"y":0.00020296791626606137,"z":-0.00022940189228393137,"w":0.7253395915031433},"size":3.8398468494415285,"orthographic":false}